imobiliaria,link,data_coleta,titulo,endereco,bairro,tipo_locacao,preco_aluguel,preco_condominio,preco_iptu,quartos,vagas_garagem,area,suites,data_entrada,data_saida,anuncio
gonzaga_imoveis,https://gonzagaimoveis.com.br/imovel/49109001/apartamento-2-quartos-tijucas-centro-curitiba/,2023-11-05,Apartamento 2 Quartos Centro 42m²,"Avenida Luiz Xavier, 68, Centro - Curitiba/Pr",Centro,Aluguel,1300,450,29,2,0,42m²,0,2023-11-05,2023-11-05,Inativo
gonzaga_imoveis,https://gonzagaimoveis.com.br/imovel/04744003/apartamento-1-quarto-dallas-centro-curitiba/,2023-11-05,Apartamento 1 Quarto Centro 32m²,"Rua Da Paz, 460, Centro - Curitiba/Pr",Centro,Aluguel,980,340,44,1,1,32m²,1,2023-11-05,2023-11-05,Inativo
gonzaga_imoveis,https://gonzagaimoveis.com.br/imovel/11925001/apartamento-2-quartos-piazza-maggiore-pilarzinho-curitiba/,2023-11-06,Apartamento 2 Quartos Pilarzinho 69m²,"Avenida Fredolin Wolf, 799, Pilarzinho - Curitiba/Pr",Pilarzinho,Aluguel,1700,600,97,2,1,69m²,0,2023-11-05,2023-11-06,Inativo
gonzaga_imoveis,https://gonzagaimoveis.com.br/imovel/22843001/apartamento-2-quartos-lemnos-boa-vista-curitiba/,2023-11-07,Apartamento 2 Quartos Boa Vista 109m²,"Avenida Parana, 1758, Boa Vista - Curitiba/Pr",Boa Vista,Aluguel,1500,700,108,2,1,109m²,0,2023-11-05,2023-11-07,Inativo
gonzaga_imoveis,https://gonzagaimoveis.com.br/imovel/13926001/apartamento-2-quartos-iapo-(residencial)-boqueirao-curitiba/,2023-11-07,Apartamento 2 Quartos Boqueirao 57m²,"Rua Professora Maria De Assumpcao, 2241, Boqueirao - Curitiba/Pr",Boqueirao,Aluguel,1200,350,51,2,1,57m²,0,2023-11-05,2023-11-07,Inativo
gonzaga_imoveis,https://gonzagaimoveis.com.br/imovel/92154003/apartamento-3-quartos-barigui-campo-comprido-curitiba/,2023-11-07,Apartamento 3 Quartos Campo Comprido 50m²,"Rua Luiz Ronaldo Canalli, 3294, Campo Comprido - Curitiba/Pr",Campo Comprido,Aluguel,850,420,25,3,1,50m²,0,2023-11-05,2023-11-07,Inativo
gonzaga_imoveis,https://gonzagaimoveis.com.br/imovel/16607001/apartamento-2-quartos-residencial-canelli-novo-mundo-curitiba/,2023-11-07,Apartamento 2 Quartos Novo Mundo 42m²,"Rua Carolina Castelli, 694, Novo Mundo - Curitiba/Pr",Novo Mundo,Aluguel,1350,482,39,2,1,42m²,0,2023-11-05,2023-11-07,Inativo
gonzaga_imoveis,https://gonzagaimoveis.com.br/imovel/13319001/apartamento-2-quartos-allegro-pinheirinho-curitiba/,2023-11-07,Apartamento 2 Quartos Pinheirinho 48m²,"Rua Reinaldo Stocco, 274, Pinheirinho - Curitiba/Pr",Pinheirinho,Aluguel,1300,400,40,2,1,48m²,0,2023-11-05,2023-11-07,Inativo
gonzaga_imoveis,https://gonzagaimoveis.com.br/imovel/92154003/apartamento-3-quartos-barigui-campo-comprido-curitiba/,2023-11-07,Apartamento 3 Quartos Campo Comprido 50m²,"Rua Luiz Ronaldo Canalli, 3294, Campo Comprido - Curitiba/Pr",Campo Comprido,Aluguel,850,420,25,3,1,50m²,0,2023-11-05,2023-11-07,Inativo
gonzaga_imoveis,https://gonzagaimoveis.com.br/imovel/11722002/apartamento-3-quartos-niepce-da-silva-portao-curitiba/,2023-11-08,Apartamento 3 Quartos Portao 78m²,"Rua Engenheiro Niepce Da Silva, 510, Portao - Curitiba/Pr",Portao,Aluguel,1500,550,56,3,1,78m²,0,2023-11-05,2023-11-08,Inativo
gonzaga_imoveis,https://gonzagaimoveis.com.br/imovel/16556001/apartamento-2-quartos-portao-curitiba/,2023-11-08,Apartamento 2 Quartos Portão 49m²,"Rua Álvaro Andrade, 225, Portão - Curitiba/Pr",Portão,Aluguel,2490,523,96,2,1,49m²,0,2023-11-05,2023-11-08,Inativo
gonzaga_imoveis,https://gonzagaimoveis.com.br/imovel/49143001/apartamento-3-quartos-itarama-centro-curitiba/,2023-11-08,Apartamento 3 Quartos Centro 183m²,"Rua Desembargador Motta, 1574, Centro - Curitiba/Pr",Centro,Aluguel,1850,800,196,3,0,183m²,1,2023-11-08,2023-11-08,Inativo
gonzaga_imoveis,https://gonzagaimoveis.com.br/imovel/16590001/apartamento-3-quartos-link-urban-habitat-boa-vista-curitiba/,2023-11-09,Apartamento 3 Quartos Boa Vista 64m²,"Rua João Schleder Sobrinho, 322, Boa Vista - Curitiba/Pr",Boa Vista,Aluguel,2590,500,0,3,1,64m²,1,2023-11-05,2023-11-09,Inativo
gonzaga_imoveis,https://gonzagaimoveis.com.br/imovel/09302001/apartamento-3-quartos-villa-real-(cj.-resid.)-uberaba-curitiba/,2023-11-09,Apartamento 3 Quartos Uberaba 64m²,"Rua José Rietmeyer, 471, Uberaba - Curitiba/Pr",Uberaba,Aluguel,1480,400,54,3,0,64m²,0,2023-11-05,2023-11-09,Inativo
gonzaga_imoveis,https://gonzagaimoveis.com.br/imovel/23604001/apartamento-3-quartos-iguaçu-v-portao-curitiba/,2023-11-09,Apartamento 3 Quartos Portao 40m²,"Rua Miguel Abrao, 610, Portao - Curitiba/Pr",Portao,Aluguel,1200,450,42,3,1,40m²,0,2023-11-05,2023-11-09,Inativo
gonzaga_imoveis,https://gonzagaimoveis.com.br/imovel/07544002/apartamento-3-quartos-residencial-cosmos-–-edificio-newton-alto-da-rua-xv-curitiba/,2023-11-09,Apartamento 3 Quartos Alto Da Rua Xv 110m²,"Rua Schiller, 555, Alto Da Rua Xv - Curitiba/Pr",Alto Da Rua Xv,Aluguel,1600,850,119,3,1,110m²,0,2023-11-05,2023-11-09,Inativo
gonzaga_imoveis,https://gonzagaimoveis.com.br/imovel/07169002/apartamento-1-quarto-studios-portinari-centro-curitiba/,2023-11-09,Apartamento 1 Quarto Centro 35m²,"Rua Lamenha Lins, 277, Centro - Curitiba/Pr",Centro,Aluguel,1200,400,49,1,0,35m²,0,2023-11-05,2023-11-09,Inativo
gonzaga_imoveis,https://gonzagaimoveis.com.br/imovel/16591001/apartamento-2-quartos-cond.-jardim-botanico-jardim-botanico-curitiba/,2023-11-09,Apartamento 2 Quartos Jardim Botânico 67m²,"Rua Doutor Corrêa Coelho, 744, Jardim Botânico - Curitiba/Pr",Jardim Botânico,Aluguel,1890,580,64,2,1,67m²,0,2023-11-05,2023-11-09,Inativo
gonzaga_imoveis,https://gonzagaimoveis.com.br/imovel/25263001/apartamento-4-quartos-barreirinha-curitiba/,2023-11-12,Apartamento 4 Quartos Barreirinha 115m²,"Rua Flavio Dallegrave, 7837, Barreirinha - Curitiba/Pr",Barreirinha,Aluguel,950,0,59,4,1,115m²,0,2023-11-05,2023-11-12,Inativo
gonzaga_imoveis,https://gonzagaimoveis.com.br/imovel/13740001/apartamento-2-quartos-cedros-santa-candida-curitiba/,2023-11-12,Apartamento 2 Quartos Santa Candida 47m²,"Rua Alberto Otto, 1316, Santa Candida - Curitiba/Pr",Santa Candida,Aluguel,800,320,40,2,1,47m²,0,2023-11-05,2023-11-12,Inativo
gonzaga_imoveis,https://gonzagaimoveis.com.br/imovel/92172001/apartamento-3-quartos-vera-cruz-hauer-curitiba/,2023-11-12,Apartamento 3 Quartos Hauer 86m²,"Rua Alcino Guanabara, 2100, Hauer - Curitiba/Pr",Hauer,Aluguel,1600,550,67,3,1,86m²,0,2023-11-05,2023-11-12,Inativo
gonzaga_imoveis,https://gonzagaimoveis.com.br/imovel/08281001/apartamento-2-quartos-aete-(cj.res.)-cidade-industrial-curitiba/,2023-11-12,Apartamento 2 Quartos Cidade Industrial 46m²,"Rua Senador Accioly Filho, 622, Cidade Industrial - Curitiba/Pr",Cidade Industrial,Aluguel,750,470,39,2,0,46m²,0,2023-11-05,2023-11-12,Inativo
gonzaga_imoveis,https://gonzagaimoveis.com.br/imovel/02029002/apartamento-3-quartos-mont-blanc-residence-agua-verde-curitiba/,2023-11-12,Apartamento 3 Quartos Agua Verde 105m²,"Avenida Presidente Getulio Vargas, 3084, Agua Verde - Curitiba/Pr",Agua Verde,Aluguel,3200,1000,150,3,1,105m²,1,2023-11-05,2023-11-12,Inativo
gonzaga_imoveis,https://gonzagaimoveis.com.br/imovel/14883002/apartamento-1-quarto-nosso-banco-centro-curitiba/,2023-11-12,Apartamento 1 Quarto Centro 36m²,"Rua Marechal Deodoro, 252, Centro - Curitiba/Pr",Centro,Aluguel,1150,240,73,1,0,36m²,0,2023-11-08,2023-11-12,Inativo
gonzaga_imoveis,https://gonzagaimoveis.com.br/imovel/04661001/apartamento-3-quartos-olinda-cristo-rei-curitiba/,2023-11-12,Apartamento 3 Quartos Cristo Rei 70m²,"Avenida Marechal Humberto De Alencar Castelo Branco, 954, Cristo Rei - Curitiba/Pr",Cristo Rei,Aluguel,1300,300,62,3,0,70m²,0,2023-11-05,2023-11-12,Inativo
gonzaga_imoveis,https://gonzagaimoveis.com.br/imovel/03670001/apartamento-1-quarto-saint-james-cristo-rei-curitiba/,2023-11-12,Apartamento 1 Quarto Cristo Rei 27m²,"Rua Atilio Borio, 161, Cristo Rei - Curitiba/Pr",Cristo Rei,Aluguel,900,300,44,1,0,27m²,0,2023-11-05,2023-11-12,Inativo
gonzaga_imoveis,https://gonzagaimoveis.com.br/imovel/16598001/apartamento-2-quartos-residencial-chancellor-campo-de-santana-curitiba/,2023-11-12,Apartamento 2 Quartos Campo De Santana 38m²,"Rua Ângelo Tozim, 200, Campo De Santana - Curitiba/Pr",Campo De Santana,Aluguel,950,337,37,2,1,38m²,0,2023-11-05,2023-11-12,Inativo
gonzaga_imoveis,https://gonzagaimoveis.com.br/imovel/07002001/apartamento-3-quartos-colina-ecoville-(conj-residencial)-campina-do-siqueira-curitiba/,2023-11-12,Apartamento 3 Quartos Campina Do Siqueira 65m²,"Rua Professor Pedro Viriato P Souza, 1900, Campina Do Siqueira - Curitiba/Pr",Campina Do Siqueira,Aluguel,2100,550,73,3,1,65m²,1,2023-11-05,2023-11-12,Inativo
gonzaga_imoveis,https://gonzagaimoveis.com.br/imovel/16602001/apartamento-3-quartos-ilha-de-maraca-bigorrilho-curitiba/,2023-11-14,Apartamento 3 Quartos Bigorrilho 83m²,"Rua Coronel Joaquim Ignácio Taborda Ribas, 474, Bigorrilho - Curitiba/Pr",Bigorrilho,Aluguel,2500,542,153,3,1,83m²,1,2023-11-05,2023-11-14,Inativo
gonzaga_imoveis,https://gonzagaimoveis.com.br/imovel/16603001/apartamento-3-quartos-edificio-vitoria-regia-agua-verde-curitiba/,2023-11-20,Apartamento 3 Quartos Água Verde 110m²,"Rua Amazonas, 818, Água Verde - Curitiba/Pr",Água Verde,Aluguel,2400,630,150,3,2,110m²,1,2023-11-05,2023-11-20,Inativo
gonzaga_imoveis,https://gonzagaimoveis.com.br/imovel/23813001/apartamento-3-quartos-fit-marumbi-guaira-curitiba/,2023-11-20,Apartamento 3 Quartos Guaira 68m²,"Rua Assis Figueiredo, 1315, Guaira - Curitiba/Pr",Guaira,Aluguel,1950,450,104,3,1,68m²,1,2023-11-05,2023-11-20,Inativo
gonzaga_imoveis,https://gonzagaimoveis.com.br/imovel/06075003/apartamento-1-quarto-mackenzie-residence-centro-curitiba/,2023-11-20,Apartamento 1 Quarto Centro 32m²,"Alameda Augusto Stellfeld, 1140, Centro - Curitiba/Pr",Centro,Aluguel,1150,400,27,1,0,32m²,0,2023-11-05,2023-11-20,Inativo
gonzaga_imoveis,https://gonzagaimoveis.com.br/imovel/49118001/apartamento-1-quarto-diamant-cristo-rei-curitiba/,2023-11-20,Apartamento 1 Quarto Cristo Rei 21m²,"Rua Atilio Borio, 145, Cristo Rei - Curitiba/Pr",Cristo Rei,Aluguel,820,400,36,1,0,21m²,1,2023-11-05,2023-11-20,Inativo
gonzaga_imoveis,https://gonzagaimoveis.com.br/imovel/15537001/apartamento-2-quartos-soleil-curitibano-vila-izabel-curitiba/,2023-11-21,Apartamento 2 Quartos Vila Izabel 70m²,"Rua Eurides Cunha, 85, Vila Izabel - Curitiba/Pr",Vila Izabel,Aluguel,3000,560,147,2,1,70m²,1,2023-11-05,2023-11-21,Inativo
gonzaga_imoveis,https://gonzagaimoveis.com.br/imovel/16623001/apartamento-2-quartos-edificio-paul-van-limburg-capao-raso-curitiba/,2023-11-22,Apartamento 2 Quartos Capao Raso 66m²,"Rua Domingos Gabardo, 117, Capao Raso - Curitiba/Pr",Capao Raso,Aluguel,1900,536,82,2,1,66m²,1,2023-11-13,2023-11-22,Inativo
gonzaga_imoveis,https://gonzagaimoveis.com.br/imovel/16270001/apartamento-2-quartos-residencial-atenas-i-i-–-condominio-v-i-i-cidade-industrial-curitiba/,2023-11-23,Apartamento 2 Quartos Cidade Industrial 45m²,"Rua Deputado Gabriel Sampaio, 465, Cidade Industrial - Curitiba/Pr",Cidade Industrial,Aluguel,900,250,25,2,0,45m²,0,2023-11-05,2023-11-23,Inativo
gonzaga_imoveis,https://gonzagaimoveis.com.br/imovel/11310001/apartamento-2-quartos-residencial-vega-vila-izabel-curitiba/,2023-11-23,Apartamento 2 Quartos Vila Izabel 60m²,"Rua Professor Dario Velloso, 361, Vila Izabel - Curitiba/Pr",Vila Izabel,Aluguel,1750,600,90,2,1,60m²,1,2023-11-06,2023-11-23,Inativo
gonzaga_imoveis,https://gonzagaimoveis.com.br/imovel/14800001/apartamento-2-quartos-cidade-de-novara-campo-de-santana-curitiba/,2023-11-26,Apartamento 2 Quartos Campo De Santana 41m²,"Rua Ângelo Tozim, 1231, Campo De Santana - Curitiba/Pr",Campo De Santana,Aluguel,600,380,20,2,1,41m²,0,2023-11-05,2023-11-26,Inativo
gonzaga_imoveis,https://gonzagaimoveis.com.br/imovel/12485001/apartamento-3-quartos-renascence-santa-candida-santa-candida-curitiba/,2023-11-27,Apartamento 3 Quartos Santa Candida 69m²,"Rua Maximo Joao Kopp, 345, Santa Candida - Curitiba/Pr",Santa Candida,Aluguel,1700,450,58,3,2,69m²,1,2023-11-05,2023-11-27,Inativo
gonzaga_imoveis,https://gonzagaimoveis.com.br/imovel/91428003/apartamento-1-quarto-residencial-jordania-–-xxxi-cajuru-curitiba/,2023-11-27,Apartamento 1 Quarto Cajuru 27m²,"Rua Jordânia, 859, Cajuru - Curitiba/Pr",Cajuru,Aluguel,880,230,31,1,0,27m²,0,2023-11-05,2023-11-27,Inativo
gonzaga_imoveis,https://gonzagaimoveis.com.br/imovel/06077005/apartamento-2-quartos-cajuru-curitiba/,2023-11-27,Apartamento 2 Quartos Cajuru 65m²,"Rua Capitao Guilherme Bianchi, 1329, Cajuru - Curitiba/Pr",Cajuru,Aluguel,1100,35,40,2,1,65m²,0,2023-11-22,2023-11-27,Inativo
gonzaga_imoveis,https://gonzagaimoveis.com.br/imovel/15633001/apartamento-2-quartos-magno-agua-verde-agua-verde-curitiba/,2023-11-27,Apartamento 2 Quartos Agua Verde 73m²,"Travessa Rafael Francisco Greca, 173, Agua Verde - Curitiba/Pr",Agua Verde,Aluguel,2300,450,131,2,1,73m²,1,2023-11-22,2023-11-27,Inativo
gonzaga_imoveis,https://gonzagaimoveis.com.br/imovel/16620001/apartamento-2-quartos-condominio-next-home-portao-curitiba/,2023-11-27,Apartamento 2 Quartos Portão 51m²,"Avenida República Argentina, 2524, Portão - Curitiba/Pr",Portão,Aluguel,2000,400,128,2,1,51m²,0,2023-11-09,2023-11-27,Inativo
gonzaga_imoveis,https://gonzagaimoveis.com.br/imovel/66997001/apartamento-3-quartos-beta-centauri-bigorrilho-curitiba/,2023-11-27,Apartamento 3 Quartos Bigorrilho 90m²,"Alameda Doutor Carlos De Carvalho, 1497, Bigorrilho - Curitiba/Pr",Bigorrilho,Aluguel,1690,713,106,3,1,90m²,1,2023-11-27,2023-11-27,Inativo
gonzaga_imoveis,https://gonzagaimoveis.com.br/imovel/16149001/apartamento-2-quartos-marechal-candido-rondon-cidade-industrial-curitiba/,2023-11-28,Apartamento 2 Quartos Cidade Industrial 41m²,"Rua Professor Algacyr Munhoz Mader, 2411, Cidade Industrial - Curitiba/Pr",Cidade Industrial,Aluguel,1100,350,25,2,1,41m²,0,2023-11-27,2023-11-28,Inativo
gonzaga_imoveis,https://gonzagaimoveis.com.br/imovel/92290001/apartamento-2-quartos-botanica-cristo-rei-curitiba/,2023-11-28,Apartamento 2 Quartos Cristo Rei 113m²,"Rua Coronel Pedro Scherer Sobrinho, 152, Cristo Rei - Curitiba/Pr",Cristo Rei,Aluguel,4800,700,332,2,2,113m²,2,2023-11-05,2023-11-28,Inativo
gonzaga_imoveis,https://gonzagaimoveis.com.br/imovel/15488001/apartamento-2-quartos-roma-rebouças-curitiba/,2023-11-28,Apartamento 2 Quartos Rebouças 43m²,"Rua Brasílio Itiberê, 2023, Rebouças - Curitiba/Pr",Rebouças,Aluguel,1500,400,56,2,1,43m²,0,2023-11-05,2023-11-28,Inativo
gonzaga_imoveis,https://gonzagaimoveis.com.br/imovel/16149001/apartamento-2-quartos-marechal-candido-rondon-cidade-industrial-curitiba/,2023-11-28,Apartamento 2 Quartos Cidade Industrial 41m²,"Rua Professor Algacyr Munhoz Mader, 2411, Cidade Industrial - Curitiba/Pr",Cidade Industrial,Aluguel,1100,350,25,2,1,41m²,0,2023-11-27,2023-11-28,Inativo
gonzaga_imoveis,https://gonzagaimoveis.com.br/imovel/92290001/apartamento-2-quartos-botanica-cristo-rei-curitiba/,2023-11-28,Apartamento 2 Quartos Cristo Rei 113m²,"Rua Coronel Pedro Scherer Sobrinho, 152, Cristo Rei - Curitiba/Pr",Cristo Rei,Aluguel,4800,700,332,2,2,113m²,2,2023-11-05,2023-11-28,Inativo
gonzaga_imoveis,https://gonzagaimoveis.com.br/imovel/15488001/apartamento-2-quartos-roma-rebouças-curitiba/,2023-11-28,Apartamento 2 Quartos Rebouças 43m²,"Rua Brasílio Itiberê, 2023, Rebouças - Curitiba/Pr",Rebouças,Aluguel,1500,400,56,2,1,43m²,0,2023-11-05,2023-11-28,Inativo
gonzaga_imoveis,https://gonzagaimoveis.com.br/imovel/10424002/apartamento-2-quartos-posiville-iii-cidade-industrial-curitiba/,2023-11-29,Apartamento 2 Quartos Cidade Industrial 52m²,"Rua Casemiro Augusto Rodacki, 341, Cidade Industrial - Curitiba/Pr",Cidade Industrial,Aluguel,1650,450,81,2,1,52m²,1,2023-11-05,2023-11-29,Inativo
gonzaga_imoveis,https://gonzagaimoveis.com.br/imovel/15224001/apartamento-2-quartos-vila-bela-l-novo-mundo-curitiba/,2023-11-29,Apartamento 2 Quartos Novo Mundo 67m²,"Rua Deputado Waldemiro Pedroso, 1063, Novo Mundo - Curitiba/Pr",Novo Mundo,Aluguel,1500,700,59,2,1,67m²,1,2023-11-05,2023-11-29,Inativo
gonzaga_imoveis,https://gonzagaimoveis.com.br/imovel/14999001/apartamento-2-quartos-anthurium-agua-verde-curitiba/,2023-12-01,Apartamento 2 Quartos Agua Verde 61m²,"Rua Professor Luiz Cesar, 837, Agua Verde - Curitiba/Pr",Agua Verde,Aluguel,1500,720,77,2,1,61m²,0,2023-11-05,2023-12-01,Inativo
gonzaga_imoveis,https://gonzagaimoveis.com.br/imovel/02566002/apartamento-3-quartos-independencia-(bl-marina)-alto-da-rua-xv-curitiba/,2023-12-01,Apartamento 3 Quartos Alto Da Rua Xv 130m²,"Avenida Senador Souza Naves, 550, Alto Da Rua Xv - Curitiba/Pr",Alto Da Rua Xv,Aluguel,1500,400,109,3,1,130m²,0,2023-11-24,2023-12-01,Inativo
gonzaga_imoveis,https://gonzagaimoveis.com.br/imovel/12996001/apartamento-1-quarto-mariana-rebouças-curitiba/,2023-12-01,Apartamento 1 Quarto Rebouças 44m²,"Rua Rockefeller, 858, Rebouças - Curitiba/Pr",Rebouças,Aluguel,1300,350,53,1,0,44m²,0,2023-11-05,2023-12-01,Inativo
gonzaga_imoveis,https://gonzagaimoveis.com.br/imovel/13320002/apartamento-3-quartos-residencial-henrique-1-xaxim-curitiba/,2023-12-03,Apartamento 3 Quartos Xaxim 73m²,"Rua Waldemar Loureiro Campos, 3751, Xaxim - Curitiba/Pr",Xaxim,Aluguel,1500,480,99,3,1,73m²,1,2023-11-27,2023-12-03,Inativo
gonzaga_imoveis,https://gonzagaimoveis.com.br/imovel/14480001/apartamento-2-quartos-spazio-castel-di-bettega-portao-curitiba/,2023-12-03,Apartamento 2 Quartos Portao 55m²,"Rua João Bettega, 644, Portao - Curitiba/Pr",Portao,Aluguel,1500,450,53,2,1,55m²,1,2023-11-05,2023-12-03,Inativo
gonzaga_imoveis,https://gonzagaimoveis.com.br/imovel/13906001/apartamento-3-quartos-sun-garden-cristo-rei-curitiba/,2023-12-03,Apartamento 3 Quartos Cristo Rei 83m²,"Rua Governador Agamenon Magalhaes, 98, Cristo Rei - Curitiba/Pr",Cristo Rei,Aluguel,2500,650,200,3,2,83m²,1,2023-11-10,2023-12-03,Inativo
gonzaga_imoveis,https://gonzagaimoveis.com.br/imovel/10572001/apartamento-2-quartos-alfa-jardim-botanico-curitiba/,2023-12-03,Apartamento 2 Quartos Jardim Botanico 62m²,"Rua Mauricio Nunes Garcia, 250, Jardim Botanico - Curitiba/Pr",Jardim Botanico,Aluguel,1100,250,48,2,0,62m²,0,2023-11-05,2023-12-03,Inativo
gonzaga_imoveis,https://gonzagaimoveis.com.br/imovel/16608001/apartamento-1-quarto-residence-ville-de-france-campo-comprido-curitiba/,2023-12-04,Apartamento 1 Quarto Campo Comprido 65m²,"Rua Lourenço Bizinelli, 249, Campo Comprido - Curitiba/Pr",Campo Comprido,Aluguel,2450,471,78,1,2,65m²,1,2023-11-05,2023-12-04,Inativo
gonzaga_imoveis,https://gonzagaimoveis.com.br/imovel/16639001/apartamento-3-quartos-beta-centauri-batel-curitiba/,2023-12-04,Apartamento 3 Quartos Batel 91m²,"Alameda Doutor Carlos De Carvalho, 1497, Batel - Curitiba/Pr",Batel,Aluguel,1690,713,106,3,1,91m²,1,2023-11-28,2023-12-04,Inativo
gonzaga_imoveis,https://gonzagaimoveis.com.br/imovel/11706001/apartamento-3-quartos-barao-de-capanema-iii-cristo-rei-curitiba/,2023-12-04,Apartamento 3 Quartos Cristo Rei 67m²,"Rua Poeta Francisco Ferreira Leite, 30, Cristo Rei - Curitiba/Pr",Cristo Rei,Aluguel,1350,500,67,3,1,67m²,0,2023-11-05,2023-12-04,Inativo
gonzaga_imoveis,https://gonzagaimoveis.com.br/imovel/16608001/apartamento-1-quarto-residence-ville-de-france-campo-comprido-curitiba/,2023-12-04,Apartamento 1 Quarto Campo Comprido 65m²,"Rua Lourenço Bizinelli, 249, Campo Comprido - Curitiba/Pr",Campo Comprido,Aluguel,2450,471,78,1,2,65m²,1,2023-11-05,2023-12-04,Inativo
gonzaga_imoveis,https://gonzagaimoveis.com.br/imovel/15725001/apartamento-3-quartos-residencial-aconcagua-bigorrilho-curitiba/,2023-12-06,Apartamento 3 Quartos Bigorrilho 73m²,"Rua Gastão Câmara, 540, Bigorrilho - Curitiba/Pr",Bigorrilho,Aluguel,2100,500,91,3,1,73m²,0,2023-11-05,2023-12-06,Inativo
gonzaga_imoveis,https://gonzagaimoveis.com.br/imovel/14176001/apartamento-2-quartos-guanabara-centro-curitiba/,2023-12-06,Apartamento 2 Quartos Centro 122m²,"Praça Rui Barbosa, 470, Centro - Curitiba/Pr",Centro,Aluguel,1580,800,96,2,0,122m²,0,2023-11-08,2023-12-06,Inativo
gonzaga_imoveis,https://gonzagaimoveis.com.br/imovel/06923001/apartamento-2-quartos-villandry-rebouças-curitiba/,2023-12-06,Apartamento 2 Quartos Rebouças 61m²,"Avenida Silva Jardim, 1364, Rebouças - Curitiba/Pr",Rebouças,Aluguel,2100,670,95,2,1,61m²,0,2023-11-05,2023-12-06,Inativo
gonzaga_imoveis,https://gonzagaimoveis.com.br/imovel/80150005/apartamento-2-quartos-rebouças-curitiba/,2023-12-06,Apartamento 2 Quartos Rebouças 80m²,"Rua Piquiri, 735, Rebouças - Curitiba/Pr",Rebouças,Aluguel,1650,0,93,2,0,80m²,0,2023-11-05,2023-12-06,Inativo
gonzaga_imoveis,https://gonzagaimoveis.com.br/imovel/23987001/apartamento-2-quartos-residencial-floresta-santa-candida-curitiba/,2023-12-06,Apartamento 2 Quartos Santa Cândida 42m²,"Rua Walace Landal, 40, Santa Cândida - Curitiba/Pr",Santa Cândida,Aluguel,1100,0,37,2,1,42m²,0,2023-12-06,2023-12-06,Inativo
gonzaga_imoveis,https://gonzagaimoveis.com.br/imovel/15725001/apartamento-3-quartos-residencial-aconcagua-bigorrilho-curitiba/,2023-12-06,Apartamento 3 Quartos Bigorrilho 73m²,"Rua Gastão Câmara, 540, Bigorrilho - Curitiba/Pr",Bigorrilho,Aluguel,2100,500,91,3,1,73m²,0,2023-11-05,2023-12-06,Inativo
gonzaga_imoveis,https://gonzagaimoveis.com.br/imovel/14176001/apartamento-2-quartos-guanabara-centro-curitiba/,2023-12-06,Apartamento 2 Quartos Centro 122m²,"Praça Rui Barbosa, 470, Centro - Curitiba/Pr",Centro,Aluguel,1580,800,96,2,0,122m²,0,2023-11-08,2023-12-06,Inativo
gonzaga_imoveis,https://gonzagaimoveis.com.br/imovel/80150005/apartamento-2-quartos-rebouças-curitiba/,2023-12-06,Apartamento 2 Quartos Rebouças 80m²,"Rua Piquiri, 735, Rebouças - Curitiba/Pr",Rebouças,Aluguel,1650,0,93,2,0,80m²,0,2023-11-05,2023-12-06,Inativo
gonzaga_imoveis,https://gonzagaimoveis.com.br/imovel/07246007/apartamento-3-quartos-atual-morada-atuba-curitiba/,2023-12-10,Apartamento 3 Quartos Atuba 65m²,"Avenida Marechal Mascarenhas De Moraes, 1820, Atuba - Curitiba/Pr",Atuba,Aluguel,1750,400,72,3,1,65m²,1,2023-12-04,2023-12-10,Inativo
gonzaga_imoveis,https://gonzagaimoveis.com.br/imovel/92109003/apartamento-3-quartos-thomasz-ii-bacacheri-curitiba/,2023-12-10,Apartamento 3 Quartos Bacacheri 144m²,"Rua Mexico, 200, Bacacheri - Curitiba/Pr",Bacacheri,Aluguel,1700,250,128,3,2,144m²,1,2023-11-05,2023-12-10,Inativo
gonzaga_imoveis,https://gonzagaimoveis.com.br/imovel/10871001/apartamento-2-quartos-residencial-isabela-tingui-curitiba/,2023-12-10,Apartamento 2 Quartos Tingui 55m²,"Rua Joao Batista Trentin, 974, Tingui - Curitiba/Pr",Tingui,Aluguel,850,350,58,2,1,55m²,0,2023-12-02,2023-12-10,Inativo
gonzaga_imoveis,https://gonzagaimoveis.com.br/imovel/09747001/apartamento-3-quartos-plaza-anchieta-bigorrilho-curitiba/,2023-12-10,Apartamento 3 Quartos Bigorrilho 100m²,"Rua Padre Anchieta, 2128, Bigorrilho - Curitiba/Pr",Bigorrilho,Aluguel,1500,1000,134,3,1,100m²,1,2023-12-02,2023-12-10,Inativo
gonzaga_imoveis,https://gonzagaimoveis.com.br/imovel/09530005/apartamento-1-quarto-gran-maison-centro-curitiba/,2023-12-10,Apartamento 1 Quarto Centro 44m²,"Rua Doutor Faivre, 53, Centro - Curitiba/Pr",Centro,Aluguel,1300,300,47,1,0,44m²,0,2023-11-13,2023-12-10,Inativo
gonzaga_imoveis,https://gonzagaimoveis.com.br/imovel/13327003/apartamento-1-quarto-sinval-martins-centro-curitiba/,2023-12-10,Apartamento 1 Quarto Centro 28m²,"Rua Lourenco Pinto, 410, Centro - Curitiba/Pr",Centro,Aluguel,1250,450,56,1,0,28m²,0,2023-11-06,2023-12-10,Inativo
gonzaga_imoveis,https://gonzagaimoveis.com.br/imovel/13173001/apartamento-1-quarto-central-station-centro-curitiba/,2023-12-10,Apartamento 1 Quarto Centro 34m²,"Avenida Marechal Floriano Peixoto, 696, Centro - Curitiba/Pr",Centro,Aluguel,1600,350,36,1,0,34m²,0,2023-11-05,2023-12-10,Inativo
gonzaga_imoveis,https://gonzagaimoveis.com.br/imovel/14790002/apartamento-2-quartos-village-parana-tingui-curitiba/,2023-12-12,Apartamento 2 Quartos Tingui 50m²,"Rua Hilário Moro, 526, Tingui - Curitiba/Pr",Tingui,Aluguel,1700,400,47,2,1,50m²,1,2023-11-05,2023-12-12,Inativo
gonzaga_imoveis,https://gonzagaimoveis.com.br/imovel/49095001/apartamento-3-quartos-itaguaçu-agua-verde-curitiba/,2023-12-12,Apartamento 3 Quartos Agua Verde 80m²,"Rua Castro Alves, 594, Agua Verde - Curitiba/Pr",Agua Verde,Aluguel,2000,550,82,3,1,80m²,0,2023-11-05,2023-12-12,Inativo
gonzaga_imoveis,https://gonzagaimoveis.com.br/imovel/92332001/apartamento-3-quartos-condominio-edificio-bogdan-ii-agua-verde-curitiba/,2023-12-12,Apartamento 3 Quartos Água Verde 90m²,"Rua Coronel Dulcídio, 1907, Água Verde - Curitiba/Pr",Água Verde,Aluguel,1900,850,141,3,2,90m²,1,2023-11-23,2023-12-12,Inativo
gonzaga_imoveis,https://gonzagaimoveis.com.br/imovel/22811002/apartamento-2-quartos-nicole-ii-novo-mundo-curitiba/,2023-12-12,Apartamento 2 Quartos Novo Mundo 59m²,"Rua Pedro Gusso, 30, Novo Mundo - Curitiba/Pr",Novo Mundo,Aluguel,1350,500,62,2,0,59m²,0,2023-12-06,2023-12-12,Inativo
gonzaga_imoveis,https://gonzagaimoveis.com.br/imovel/13856002/apartamento-3-quartos-ponta-grossa-portao-curitiba/,2023-12-12,Apartamento 3 Quartos Portao 88m²,"Rua Ponta Grossa, 249, Portao - Curitiba/Pr",Portao,Aluguel,1700,260,91,3,1,88m²,1,2023-11-28,2023-12-12,Inativo
gonzaga_imoveis,https://gonzagaimoveis.com.br/imovel/09132001/apartamento-2-quartos-morada-do-sol-bigorrilho-curitiba/,2023-12-12,Apartamento 2 Quartos Bigorrilho 49m²,"Rua Marechal Jose Bernardino Bormann, 1234, Bigorrilho - Curitiba/Pr",Bigorrilho,Aluguel,1600,350,90,2,1,49m²,0,2023-12-04,2023-12-12,Inativo
gonzaga_imoveis,https://gonzagaimoveis.com.br/imovel/09536001/apartamento-1-quarto-napoli-centro-curitiba/,2023-12-12,Apartamento 1 Quarto Centro 40m²,"Avenida Visconde De Guarapuava, 3185, Centro - Curitiba/Pr",Centro,Aluguel,1200,460,82,1,1,40m²,0,2023-11-05,2023-12-12,Inativo
gonzaga_imoveis,https://gonzagaimoveis.com.br/imovel/42020003/apartamento-2-quartos-arvoredo-(conj.residencial)-cristo-rei-curitiba/,2023-12-12,Apartamento 2 Quartos Cristo Rei 77m²,"Rua Urbano Lopes, 402, Cristo Rei - Curitiba/Pr",Cristo Rei,Aluguel,1200,550,111,2,1,77m²,1,2023-12-01,2023-12-12,Inativo
gonzaga_imoveis,https://gonzagaimoveis.com.br/imovel/15056001/apartamento-3-quartos-san-salvador-merces-curitiba/,2023-12-12,Apartamento 3 Quartos Mercês 97m²,"Rua Professora Rosa Saporski, 252, Mercês - Curitiba/Pr",Mercês,Aluguel,1950,500,97,3,1,97m²,1,2023-11-06,2023-12-12,Inativo
gonzaga_imoveis,https://gonzagaimoveis.com.br/imovel/23575001/apartamento-3-quartos-life-residence-club-capao-raso-curitiba/,2023-12-12,Apartamento 3 Quartos Capao Raso 88m²,"Rua Jose Clementino Bettega, 120, Capao Raso - Curitiba/Pr",Capao Raso,Aluguel,2200,650,93,3,1,88m²,1,2023-12-04,2023-12-12,Inativo
gonzaga_imoveis,https://gonzagaimoveis.com.br/imovel/92332001/apartamento-3-quartos-condominio-edificio-bogdan-ii-agua-verde-curitiba/,2023-12-12,Apartamento 3 Quartos Água Verde 90m²,"Rua Coronel Dulcídio, 1907, Água Verde - Curitiba/Pr",Água Verde,Aluguel,1900,850,141,3,2,90m²,1,2023-11-23,2023-12-12,Inativo
gonzaga_imoveis,https://gonzagaimoveis.com.br/imovel/22811002/apartamento-2-quartos-nicole-ii-novo-mundo-curitiba/,2023-12-12,Apartamento 2 Quartos Novo Mundo 59m²,"Rua Pedro Gusso, 30, Novo Mundo - Curitiba/Pr",Novo Mundo,Aluguel,1350,500,62,2,0,59m²,0,2023-12-06,2023-12-12,Inativo
gonzaga_imoveis,https://gonzagaimoveis.com.br/imovel/09536001/apartamento-1-quarto-napoli-centro-curitiba/,2023-12-12,Apartamento 1 Quarto Centro 40m²,"Avenida Visconde De Guarapuava, 3185, Centro - Curitiba/Pr",Centro,Aluguel,1200,460,82,1,1,40m²,0,2023-11-05,2023-12-12,Inativo
gonzaga_imoveis,https://gonzagaimoveis.com.br/imovel/23575001/apartamento-3-quartos-life-residence-club-capao-raso-curitiba/,2023-12-12,Apartamento 3 Quartos Capao Raso 88m²,"Rua Jose Clementino Bettega, 120, Capao Raso - Curitiba/Pr",Capao Raso,Aluguel,2200,650,93,3,1,88m²,1,2023-12-04,2023-12-12,Inativo
gonzaga_imoveis,https://gonzagaimoveis.com.br/imovel/46113002/apartamento-4-quartos-umbara-curitiba/,2023-12-13,Apartamento 4 Quartos Umbará 114m²,"Rua Luiz Nichele, 120, Umbará - Curitiba/Pr",Umbará,Aluguel,1700,0,81,4,2,114m²,0,2023-11-05,,Ativo
gonzaga_imoveis,https://gonzagaimoveis.com.br/imovel/16605001/apartamento-2-quartos-spazzio-champ-ville-atuba-curitiba/,2023-12-13,Apartamento 2 Quartos Atuba 50m²,"Rodovia Br-116, 2785, Atuba - Curitiba/Pr",Atuba,Aluguel,1299,450,59,2,2,50m²,0,2023-11-05,,Ativo
gonzaga_imoveis,https://gonzagaimoveis.com.br/imovel/14215001/apartamento-2-quartos-alamanda-bacacheri-curitiba/,2023-12-13,Apartamento 2 Quartos Bacacheri 55m²,"Rua Nicaragua, 1639, Bacacheri - Curitiba/Pr",Bacacheri,Aluguel,1500,350,56,2,1,55m²,0,2023-11-05,,Ativo
gonzaga_imoveis,https://gonzagaimoveis.com.br/imovel/12058001/apartamento-3-quartos-angela-bacacheri-curitiba/,2023-12-13,Apartamento 3 Quartos Bacacheri 78m²,"Rua Canada, 185, Bacacheri - Curitiba/Pr",Bacacheri,Aluguel,1400,630,73,3,1,78m²,0,2023-12-12,,Ativo
gonzaga_imoveis,https://gonzagaimoveis.com.br/imovel/14345001/apartamento-2-quartos-spazio-champ-ville-bairro-alto-curitiba/,2023-12-13,Apartamento 2 Quartos Bairro Alto 51m²,"Rodovia Br 116, 2785, Bairro Alto - Curitiba/Pr",Bairro Alto,Aluguel,1550,450,46,2,1,51m²,0,2023-11-05,,Ativo
gonzaga_imoveis,https://gonzagaimoveis.com.br/imovel/14969002/apartamento-2-quartos-anita-garibaldi-barreirinha-curitiba/,2023-12-13,Apartamento 2 Quartos Barreirinha 44m²,"Rua Maria De Lourdes Kudri, 127, Barreirinha - Curitiba/Pr",Barreirinha,Aluguel,850,350,25,2,1,44m²,0,2023-11-22,,Ativo
gonzaga_imoveis,https://gonzagaimoveis.com.br/imovel/16590001/apartamento-3-quartos-link-urban-habitat-boa-vista-curitiba/,2023-12-13,Apartamento 3 Quartos Boa Vista 64m²,"Rua João Schleder Sobrinho, 332, Boa Vista - Curitiba/Pr",Boa Vista,Aluguel,2590,500,0,3,1,64m²,1,2023-11-10,,Ativo
gonzaga_imoveis,https://gonzagaimoveis.com.br/imovel/15504001/apartamento-3-quartos-jardim-das-orquideas-boa-vista-curitiba/,2023-12-13,Apartamento 3 Quartos Boa Vista 58m²,"Rua Vicente Ciccarino, 166, Boa Vista - Curitiba/Pr",Boa Vista,Aluguel,1750,400,70,3,1,58m²,1,2023-11-13,,Ativo
gonzaga_imoveis,https://gonzagaimoveis.com.br/imovel/16115001/apartamento-1-quarto-moradas-do-boa-vista-boa-vista-curitiba/,2023-12-13,Apartamento 1 Quarto Boa Vista 23m²,"Rua Desembargador Antônio Leopoldo Dos Santos, 106, Boa Vista - Curitiba/Pr",Boa Vista,Aluguel,1350,250,36,1,0,23m²,1,2023-11-28,,Ativo
gonzaga_imoveis,https://gonzagaimoveis.com.br/imovel/16173001/apartamento-3-quartos-vila-nova-i-boa-vista-curitiba/,2023-12-13,Apartamento 3 Quartos Boa Vista 51m²,"Rua Maria Geronasso Do Rosário, 467, Boa Vista - Curitiba/Pr",Boa Vista,Aluguel,1200,350,44,3,1,51m²,0,2023-12-02,,Ativo
gonzaga_imoveis,https://gonzagaimoveis.com.br/imovel/13179001/apartamento-2-quartos-ilha-do-coral-(residencial)-santa-candida-curitiba/,2023-12-13,Apartamento 2 Quartos Santa Candida 38m²,"Rua Joao Kania, 310, Santa Candida - Curitiba/Pr",Santa Candida,Aluguel,820,320,33,2,1,38m²,0,2023-12-12,,Ativo
gonzaga_imoveis,https://gonzagaimoveis.com.br/imovel/16129001/apartamento-3-quartos-villagio-san-marino-santa-candida-curitiba/,2023-12-13,Apartamento 3 Quartos Santa Cândida 60m²,"Rua Theodoro Makiolka, 466, Santa Cândida - Curitiba/Pr",Santa Cândida,Aluguel,1400,350,0,3,1,60m²,0,2023-11-29,,Ativo
gonzaga_imoveis,https://gonzagaimoveis.com.br/imovel/16617001/apartamento-2-quartos-residencial-ilha-do-coral-santa-candida-curitiba/,2023-12-13,Apartamento 2 Quartos Santa Cândida 38m²,"Rua João Kania, 310, Santa Cândida - Curitiba/Pr",Santa Cândida,Aluguel,950,320,33,2,0,38m²,0,2023-11-08,,Ativo
gonzaga_imoveis,https://gonzagaimoveis.com.br/imovel/21105005/apartamento-1-quarto-alto-boqueirao-curitiba/,2023-12-13,Apartamento 1 Quarto Alto Boqueirao 35m²,"Rua Eduardo Pinto Da Rocha, 842, Alto Boqueirao - Curitiba/Pr",Alto Boqueirao,Aluguel,700,0,14,1,0,35m²,0,2023-11-05,,Ativo
gonzaga_imoveis,https://gonzagaimoveis.com.br/imovel/23417002/apartamento-2-quartos-nova-europa-2-boqueirao-curitiba/,2023-12-13,Apartamento 2 Quartos Boqueirao 50m²,"Rua Cascavel, 3161, Boqueirao - Curitiba/Pr",Boqueirao,Aluguel,800,300,35,2,1,50m²,0,2023-12-12,,Ativo
gonzaga_imoveis,https://gonzagaimoveis.com.br/imovel/15665001/apartamento-1-quarto-anne-frank-hauer-curitiba/,2023-12-13,Apartamento 1 Quarto Hauer 34m²,"Rua Anne Frank, 3126, Hauer - Curitiba/Pr",Hauer,Aluguel,900,250,35,1,0,34m²,1,2023-11-05,,Ativo
gonzaga_imoveis,https://gonzagaimoveis.com.br/imovel/23016001/apartamento-2-quartos-parque-arvoredo-xaxim-curitiba/,2023-12-13,Apartamento 2 Quartos Xaxim 56m²,"Rua Francisco Derosso, 375, Xaxim - Curitiba/Pr",Xaxim,Aluguel,1500,500,74,2,1,56m²,1,2023-11-27,,Ativo
gonzaga_imoveis,https://gonzagaimoveis.com.br/imovel/15271003/apartamento-3-quartos-guabirotuba-curitiba/,2023-12-13,Apartamento 3 Quartos Guabirotuba 162m²,"Avenida Senador Salgado Filho, 961, Guabirotuba - Curitiba/Pr",Guabirotuba,Aluguel,2400,100,166,3,1,162m²,1,2023-11-05,,Ativo
gonzaga_imoveis,https://gonzagaimoveis.com.br/imovel/42269003/apartamento-1-quarto-jardim-das-americas-curitiba/,2023-12-13,Apartamento 1 Quarto Jardim Das Americas 36m²,"Rua Joao Itibere, 71, Jardim Das Americas - Curitiba/Pr",Jardim Das Americas,Aluguel,850,0,27,1,0,36m²,0,2023-12-04,,Ativo
gonzaga_imoveis,https://gonzagaimoveis.com.br/imovel/14354001/apartamento-2-quartos-vilas-novas-x-cidade-industrial-curitiba/,2023-12-13,Apartamento 2 Quartos Cidade Industrial 40m²,"Rua Professor Algacyr Munhoz Mader, 2875, Cidade Industrial - Curitiba/Pr",Cidade Industrial,Aluguel,850,250,25,2,0,40m²,0,2023-11-20,,Ativo
gonzaga_imoveis,https://gonzagaimoveis.com.br/imovel/15836001/apartamento-3-quartos-residencial-pinheiros-cidade-industrial-curitiba/,2023-12-13,Apartamento 3 Quartos Cidade Industrial 60m²,"Rua João Dembinski, 2851, Cidade Industrial - Curitiba/Pr",Cidade Industrial,Aluguel,1650,450,49,3,1,60m²,0,2023-12-06,,Ativo
gonzaga_imoveis,https://gonzagaimoveis.com.br/imovel/14297001/apartamento-2-quartos-olga-tufi-agua-verde-curitiba/,2023-12-13,Apartamento 2 Quartos Água Verde 57m²,"Avenida Silva Jardim, 1762, Água Verde - Curitiba/Pr",Água Verde,Aluguel,1550,650,85,2,1,57m²,0,2023-11-05,,Ativo
gonzaga_imoveis,https://gonzagaimoveis.com.br/imovel/49095001/apartamento-3-quartos-itaguaçu-agua-verde-curitiba/,2023-12-13,Apartamento 3 Quartos Água Verde 80m²,"Rua Castro Alves, 594, Água Verde - Curitiba/Pr",Água Verde,Aluguel,2000,550,82,3,1,80m²,0,2023-12-13,,Ativo
gonzaga_imoveis,https://gonzagaimoveis.com.br/imovel/92087001/apartamento-2-quartos-zamoner-agua-verde-curitiba/,2023-12-13,Apartamento 2 Quartos Agua Verde 77m²,"Rua Brigadeiro Franco, 2663, Agua Verde - Curitiba/Pr",Agua Verde,Aluguel,1850,422,69,2,1,77m²,0,2023-11-05,,Ativo
gonzaga_imoveis,https://gonzagaimoveis.com.br/imovel/00135005/apartamento-4-quartos-cidade-das-flores-agua-verde-curitiba/,2023-12-13,Apartamento 4 Quartos Agua Verde 202m²,"Avenida Republica Argentina, 755, Agua Verde - Curitiba/Pr",Agua Verde,Aluguel,2600,1000,181,4,1,202m²,1,2023-11-05,,Ativo
gonzaga_imoveis,https://gonzagaimoveis.com.br/imovel/08265001/apartamento-3-quartos-flamboyant-(conjunto-residencial)-agua-verde-curitiba/,2023-12-13,Apartamento 3 Quartos Agua Verde 117m²,"Avenida Presidente Kennedy, 1503, Agua Verde - Curitiba/Pr",Agua Verde,Aluguel,1800,850,89,3,1,117m²,1,2023-11-05,,Ativo
gonzaga_imoveis,https://gonzagaimoveis.com.br/imovel/16604001/apartamento-2-quartos-auckland-devon-port-agua-verde-curitiba/,2023-12-13,Apartamento 2 Quartos Água Verde 100m²,"Avenida Silva Jardim, 2522, Água Verde - Curitiba/Pr",Água Verde,Aluguel,3450,860,296,2,1,100m²,1,2023-11-05,,Ativo
gonzaga_imoveis,https://gonzagaimoveis.com.br/imovel/14396001/apartamento-5-quartos-monreale-agua-verde-curitiba/,2023-12-13,Apartamento 5 Quartos Agua Verde 182m²,"Rua Bento Viana, 1140, Agua Verde - Curitiba/Pr",Agua Verde,Aluguel,4500,1400,286,5,2,182m²,2,2023-11-05,,Ativo
gonzaga_imoveis,https://gonzagaimoveis.com.br/imovel/91596001/apartamento-2-quartos-jardim-ii-agua-verde-curitiba/,2023-12-13,Apartamento 2 Quartos Agua Verde 113m²,"Rua Amazonas, 662, Agua Verde - Curitiba/Pr",Agua Verde,Aluguel,1800,500,80,2,0,113m²,0,2023-11-07,,Ativo
gonzaga_imoveis,https://gonzagaimoveis.com.br/imovel/10950003/apartamento-2-quartos-joao-pedro-bom-agua-verde-curitiba/,2023-12-13,Apartamento 2 Quartos Agua Verde 50m²,"Rua Monsenhor Manoel Vicente, 175, Agua Verde - Curitiba/Pr",Agua Verde,Aluguel,1200,600,60,2,1,50m²,0,2023-11-20,,Ativo
gonzaga_imoveis,https://gonzagaimoveis.com.br/imovel/15468001/apartamento-3-quartos-palla-bianca-agua-verde-curitiba/,2023-12-13,Apartamento 3 Quartos Água Verde 91m²,"Rua Santa Catarina, 44, Água Verde - Curitiba/Pr",Água Verde,Aluguel,2600,890,164,3,1,91m²,1,2023-12-02,,Ativo
gonzaga_imoveis,https://gonzagaimoveis.com.br/imovel/00135002/apartamento-3-quartos-cidade-das-flores-agua-verde-curitiba/,2023-12-13,Apartamento 3 Quartos Agua Verde 148m²,"Avenida Republica Argentina, 755, Agua Verde - Curitiba/Pr",Agua Verde,Aluguel,2600,1200,181,3,1,148m²,1,2023-11-05,,Ativo
gonzaga_imoveis,https://gonzagaimoveis.com.br/imovel/16628001/apartamento-3-quartos-sorel-condominium-agua-verde-curitiba/,2023-12-13,Apartamento 3 Quartos Agua Verde 136m²,"Avenida Silva Jardim, 2265, Agua Verde - Curitiba/Pr",Agua Verde,Aluguel,3500,1200,341,3,2,136m²,1,2023-11-09,,Ativo
gonzaga_imoveis,https://gonzagaimoveis.com.br/imovel/16644001/apartamento-2-quartos-campo-comprido-curitiba/,2023-12-13,Apartamento 2 Quartos Campo Comprido 70m²,"Rua Nova América, 373, Campo Comprido - Curitiba/Pr",Campo Comprido,Aluguel,1250,0,32,2,2,70m²,0,2023-11-24,,Ativo
gonzaga_imoveis,https://gonzagaimoveis.com.br/imovel/16027001/apartamento-2-quartos-jose-ferroni-novo-mundo-curitiba/,2023-12-13,Apartamento 2 Quartos Novo Mundo 45m²,"Rua João Bonat, 860, Novo Mundo - Curitiba/Pr",Novo Mundo,Aluguel,1300,550,39,2,1,45m²,0,2023-11-05,,Ativo
gonzaga_imoveis,https://gonzagaimoveis.com.br/imovel/10145001/apartamento-3-quartos-nho–quim-novo-mundo-curitiba/,2023-12-13,Apartamento 3 Quartos Novo Mundo 78m²,"Rua Luiz Leopoldo Landal, 100, Novo Mundo - Curitiba/Pr",Novo Mundo,Aluguel,1600,590,84,3,1,78m²,0,2023-11-05,,Ativo
gonzaga_imoveis,https://gonzagaimoveis.com.br/imovel/14141001/apartamento-2-quartos-atlanta-novo-mundo-curitiba/,2023-12-13,Apartamento 2 Quartos Novo Mundo 50m²,"Rua Jose Palu, 127, Novo Mundo - Curitiba/Pr",Novo Mundo,Aluguel,1300,650,71,2,1,50m²,0,2023-11-24,,Ativo
gonzaga_imoveis,https://gonzagaimoveis.com.br/imovel/16633001/apartamento-2-quartos-edificio-gonçalvez-dias-novo-mundo-curitiba/,2023-12-13,Apartamento 2 Quartos Novo Mundo 54m²,"Avenida Brasília, 4380, Novo Mundo - Curitiba/Pr",Novo Mundo,Aluguel,1390,580,59,2,1,54m²,0,2023-12-01,,Ativo
gonzaga_imoveis,https://gonzagaimoveis.com.br/imovel/12862001/apartamento-3-quartos-ilhas-do-cabo-verde-novo-mundo-curitiba/,2023-12-13,Apartamento 3 Quartos Novo Mundo 71m²,"Avenida Brasilia, 5474, Novo Mundo - Curitiba/Pr",Novo Mundo,Aluguel,1650,550,95,3,0,71m²,1,2023-12-12,,Ativo
gonzaga_imoveis,https://gonzagaimoveis.com.br/imovel/22311001/apartamento-2-quartos-roma-novo-mundo-curitiba/,2023-12-13,Apartamento 2 Quartos Novo Mundo 85m²,"Rua Jose Palu, 285, Novo Mundo - Curitiba/Pr",Novo Mundo,Aluguel,1350,350,53,2,1,85m²,0,2023-11-05,,Ativo
gonzaga_imoveis,https://gonzagaimoveis.com.br/imovel/21355003/apartamento-3-quartos-maria-bettega-novo-mundo-curitiba/,2023-12-13,Apartamento 3 Quartos Novo Mundo 62m²,"Rua Jose Palu, 183, Novo Mundo - Curitiba/Pr",Novo Mundo,Aluguel,1700,350,72,3,1,62m²,0,2023-11-13,,Ativo
gonzaga_imoveis,https://gonzagaimoveis.com.br/imovel/01588002/apartamento-3-quartos-parolin-curitiba/,2023-12-13,Apartamento 3 Quartos Parolin 110m²,"Rua Alferes Poli, 2980, Parolin - Curitiba/Pr",Parolin,Aluguel,1400,0,71,3,0,110m²,0,2023-12-04,,Ativo
gonzaga_imoveis,https://gonzagaimoveis.com.br/imovel/13239001/apartamento-2-quartos-regents-park-portao-curitiba/,2023-12-13,Apartamento 2 Quartos Portão 83m²,"Rua Eduardo Carlos Pereira, 4049, Portão - Curitiba/Pr",Portão,Aluguel,2500,500,133,2,1,83m²,1,2023-11-05,,Ativo
gonzaga_imoveis,https://gonzagaimoveis.com.br/imovel/16475001/apartamento-2-quartos-zodiaco-portao-curitiba/,2023-12-13,Apartamento 2 Quartos Portão 71m²,"Avenida República Argentina, 2777, Portão - Curitiba/Pr",Portão,Aluguel,1800,630,124,2,1,71m²,1,2023-11-05,,Ativo
gonzaga_imoveis,https://gonzagaimoveis.com.br/imovel/16592001/apartamento-2-quartos-edificio-michelle-portao-curitiba/,2023-12-13,Apartamento 2 Quartos Portão 53m²,"Rua Zacarias De Paula Neves, 65, Portão - Curitiba/Pr",Portão,Aluguel,1400,337,74,2,1,53m²,0,2023-11-05,,Ativo
gonzaga_imoveis,https://gonzagaimoveis.com.br/imovel/13603001/apartamento-2-quartos-belmont-portao-curitiba/,2023-12-13,Apartamento 2 Quartos Portao 53m²,"Rua Antonio Pietruza, 211, Portao - Curitiba/Pr",Portao,Aluguel,1650,650,75,2,1,53m²,0,2023-11-05,,Ativo
gonzaga_imoveis,https://gonzagaimoveis.com.br/imovel/10518001/apartamento-1-quarto-sessimbra-portao-curitiba/,2023-12-13,Apartamento 1 Quarto Portao 32m²,"Rua Arion Niepce Da Silva, 261, Portao - Curitiba/Pr",Portao,Aluguel,1100,400,45,1,0,32m²,0,2023-11-05,,Ativo
gonzaga_imoveis,https://gonzagaimoveis.com.br/imovel/42292001/apartamento-3-quartos-valparaiso-portao-curitiba/,2023-12-13,Apartamento 3 Quartos Portao 124m²,"Rua Engenheiro Arthur Bettes, 58, Portao - Curitiba/Pr",Portao,Aluguel,2200,900,151,3,1,124m²,1,2023-11-05,,Ativo
gonzaga_imoveis,https://gonzagaimoveis.com.br/imovel/15373001/apartamento-2-quartos-ilha-de-santorine-portao-curitiba/,2023-12-13,Apartamento 2 Quartos Portão 64m²,"Rua Arion Niepce Da Silva, 120, Portão - Curitiba/Pr",Portão,Aluguel,1600,550,78,2,1,64m²,1,2023-12-12,,Ativo
gonzaga_imoveis,https://gonzagaimoveis.com.br/imovel/55073021/apartamento-3-quartos-forest-hill-portao-curitiba/,2023-12-13,Apartamento 3 Quartos Portao 64m²,"Rua Engenheiro Niepce Da Silva, 310, Portao - Curitiba/Pr",Portao,Aluguel,1650,650,92,3,1,64m²,1,2023-11-29,,Ativo
gonzaga_imoveis,https://gonzagaimoveis.com.br/imovel/10763001/apartamento-3-quartos-am5-(-cond.-residencial)-portao-curitiba/,2023-12-13,Apartamento 3 Quartos Portao 57m²,"Avenida Santa Bernadethe, 730, Portao - Curitiba/Pr",Portao,Aluguel,1300,400,43,3,0,57m²,0,2023-12-10,,Ativo
gonzaga_imoveis,https://gonzagaimoveis.com.br/imovel/16631001/apartamento-3-quartos-urbany-residence-portao-curitiba/,2023-12-13,Apartamento 3 Quartos Portão 94m²,"Rua Paraíba, 3373, Portão - Curitiba/Pr",Portão,Aluguel,2630,1094,146,3,2,94m²,1,2023-11-22,,Ativo
gonzaga_imoveis,https://gonzagaimoveis.com.br/imovel/04268001/apartamento-3-quartos-nova-atlanta-i-bl-03-santa-quiteria-curitiba/,2023-12-13,Apartamento 3 Quartos Santa Quiteria 67m²,"Rua Engenheiro Luiz Carlos De Oliveira Borges, 1115, Santa Quiteria - Curitiba/Pr",Santa Quiteria,Aluguel,1250,400,75,3,1,67m²,1,2023-12-10,,Ativo
gonzaga_imoveis,https://gonzagaimoveis.com.br/imovel/16583001/apartamento-2-quartos-porto-principe-vila-izabel-curitiba/,2023-12-13,Apartamento 2 Quartos Vila Izabel 70m²,"Rua Tabajaras, 1241, Vila Izabel - Curitiba/Pr",Vila Izabel,Aluguel,1690,360,93,2,1,70m²,0,2023-11-05,,Ativo
gonzaga_imoveis,https://gonzagaimoveis.com.br/imovel/15111001/apartamento-2-quartos-tabajara-vila-izabel-curitiba/,2023-12-13,Apartamento 2 Quartos Vila Izabel 75m²,"Rua Tabajaras, 128, Vila Izabel - Curitiba/Pr",Vila Izabel,Aluguel,1950,460,95,2,2,75m²,0,2023-12-10,,Ativo
gonzaga_imoveis,https://gonzagaimoveis.com.br/imovel/12831012/apartamento-1-quarto-itupava-alto-da-gloria-curitiba/,2023-12-13,Apartamento 1 Quarto Alto Da Gloria 35m²,"Rua Itupava, 131, Alto Da Gloria - Curitiba/Pr",Alto Da Gloria,Aluguel,1550,200,39,1,0,35m²,0,2023-11-05,,Ativo
gonzaga_imoveis,https://gonzagaimoveis.com.br/imovel/12831014/apartamento-1-quarto-itupava-alto-da-gloria-curitiba/,2023-12-13,Apartamento 1 Quarto Alto Da Gloria 37m²,"Rua Itupava, 131, Alto Da Gloria - Curitiba/Pr",Alto Da Gloria,Aluguel,1500,170,39,1,0,37m²,0,2023-11-05,,Ativo
gonzaga_imoveis,https://gonzagaimoveis.com.br/imovel/12831015/apartamento-1-quarto-itupava-alto-da-gloria-curitiba/,2023-12-13,Apartamento 1 Quarto Alto Da Gloria 37m²,"Rua Itupava, 131, Alto Da Gloria - Curitiba/Pr",Alto Da Gloria,Aluguel,1550,200,39,1,0,37m²,0,2023-11-05,,Ativo
gonzaga_imoveis,https://gonzagaimoveis.com.br/imovel/12831026/apartamento-1-quarto-itupava-alto-da-gloria-curitiba/,2023-12-13,Apartamento 1 Quarto Alto Da Gloria 37m²,"Rua Itupava, 131, Alto Da Gloria - Curitiba/Pr",Alto Da Gloria,Aluguel,1500,170,39,1,0,37m²,0,2023-11-05,,Ativo
gonzaga_imoveis,https://gonzagaimoveis.com.br/imovel/12831013/apartamento-1-quarto-itupava_-dona-dulce-alto-da-gloria-curitiba/,2023-12-13,Apartamento 1 Quarto Alto Da Gloria 37m²,"Rua Itupava, 131, Alto Da Gloria - Curitiba/Pr",Alto Da Gloria,Aluguel,1550,200,39,1,0,37m²,0,2023-11-05,,Ativo
gonzaga_imoveis,https://gonzagaimoveis.com.br/imovel/12831008/apartamento-1-quarto-itupava-alto-da-gloria-curitiba/,2023-12-13,Apartamento 1 Quarto Alto Da Gloria 37m²,"Rua Itupava, 131, Alto Da Gloria - Curitiba/Pr",Alto Da Gloria,Aluguel,1550,200,39,1,0,37m²,0,2023-11-05,,Ativo
gonzaga_imoveis,https://gonzagaimoveis.com.br/imovel/12831021/apartamento-1-quarto-itupava-alto-da-gloria-curitiba/,2023-12-13,Apartamento 1 Quarto Alto Da Gloria 40m²,"Rua Itupava, 131, Alto Da Gloria - Curitiba/Pr",Alto Da Gloria,Aluguel,1550,200,39,1,0,40m²,0,2023-11-05,,Ativo
gonzaga_imoveis,https://gonzagaimoveis.com.br/imovel/12831006/apartamento-1-quarto-itupava-alto-da-gloria-curitiba/,2023-12-13,Apartamento 1 Quarto Alto Da Gloria 37m²,"Rua Itupava, 131, Alto Da Gloria - Curitiba/Pr",Alto Da Gloria,Aluguel,1550,250,39,1,0,37m²,0,2023-11-05,,Ativo
gonzaga_imoveis,https://gonzagaimoveis.com.br/imovel/12643019/apartamento-3-quartos-kalina-alto-da-rua-xv-curitiba/,2023-12-13,Apartamento 3 Quartos Alto Da Rua Xv 149m²,"Rua Jose De Alencar, 1199, Alto Da Rua Xv - Curitiba/Pr",Alto Da Rua Xv,Aluguel,2300,450,151,3,1,149m²,1,2023-11-05,,Ativo
gonzaga_imoveis,https://gonzagaimoveis.com.br/imovel/07184001/apartamento-1-quarto-victoria-place-residence-alto-da-rua-xv-curitiba/,2023-12-13,Apartamento 1 Quarto Alto Da Rua Xv 85m²,"Rua Ubaldino Do Amaral, 337, Alto Da Rua Xv - Curitiba/Pr",Alto Da Rua Xv,Aluguel,1500,750,58,1,0,85m²,0,2023-11-05,,Ativo
gonzaga_imoveis,https://gonzagaimoveis.com.br/imovel/12643009/apartamento-3-quartos-kalina-alto-da-rua-xv-curitiba/,2023-12-13,Apartamento 3 Quartos Alto Da Rua Xv 154m²,"Rua Jose De Alencar, 1199, Alto Da Rua Xv - Curitiba/Pr",Alto Da Rua Xv,Aluguel,1800,450,151,3,1,154m²,0,2023-11-05,,Ativo
gonzaga_imoveis,https://gonzagaimoveis.com.br/imovel/14967001/apartamento-4-quartos-solar-das-araucarias-batel-curitiba/,2023-12-13,Apartamento 4 Quartos Batel 202m²,"Avenida Sete De Setembro, 5522, Batel - Curitiba/Pr",Batel,Aluguel,2500,1350,242,4,1,202m²,1,2023-11-05,,Ativo
gonzaga_imoveis,https://gonzagaimoveis.com.br/imovel/75041002/apartamento-2-quartos-rubens-bailao-leite-batel-curitiba/,2023-12-13,Apartamento 2 Quartos Batel 70m²,"Avenida Sete De Setembro, 4500, Batel - Curitiba/Pr",Batel,Aluguel,2500,604,123,2,1,70m²,1,2023-11-05,,Ativo
gonzaga_imoveis,https://gonzagaimoveis.com.br/imovel/45064002/apartamento-3-quartos-edificio-por-do-sol-batel-curitiba/,2023-12-13,Apartamento 3 Quartos Batel 226m²,"Avenida Visconde De Guarapuava, 5085, Batel - Curitiba/Pr",Batel,Aluguel,7500,3000,616,3,2,226m²,1,2023-11-05,,Ativo
gonzaga_imoveis,https://gonzagaimoveis.com.br/imovel/01495001/apartamento-3-quartos-louis-pasteur-batel-curitiba/,2023-12-13,Apartamento 3 Quartos Batel 141m²,"Rua Pasteur, 260, Batel - Curitiba/Pr",Batel,Aluguel,2800,800,161,3,1,141m²,1,2023-12-12,,Ativo
gonzaga_imoveis,https://gonzagaimoveis.com.br/imovel/16413001/apartamento-3-quartos-edificio-pitagoras-bigorrilho-curitiba/,2023-12-13,Apartamento 3 Quartos Bigorrilho 215m²,"Rua Euclides Da Cunha, 1150, Bigorrilho - Curitiba/Pr",Bigorrilho,Aluguel,6800,1972,645,3,4,215m²,3,2023-11-05,,Ativo
gonzaga_imoveis,https://gonzagaimoveis.com.br/imovel/12739002/apartamento-1-quarto-paloma-picasso-bigorrilho-curitiba/,2023-12-13,Apartamento 1 Quarto Bigorrilho 23m²,"Rua Padre Anchieta, 1968, Bigorrilho - Curitiba/Pr",Bigorrilho,Aluguel,850,500,41,1,0,23m²,0,2023-11-05,,Ativo
gonzaga_imoveis,https://gonzagaimoveis.com.br/imovel/91407002/apartamento-3-quartos-placido-antonio-simeoni-bigorrilho-curitiba/,2023-12-13,Apartamento 3 Quartos Bigorrilho 90m²,"Alameda Augusto Stellfeld, 1702, Bigorrilho - Curitiba/Pr",Bigorrilho,Aluguel,2400,650,101,3,1,90m²,1,2023-11-05,,Ativo
gonzaga_imoveis,https://gonzagaimoveis.com.br/imovel/00747007/apartamento-3-quartos-serra-verde-bigorrilho-curitiba/,2023-12-13,Apartamento 3 Quartos Bigorrilho 178m²,"Alameda Princesa Izabel, 1373, Bigorrilho - Curitiba/Pr",Bigorrilho,Aluguel,3100,1200,280,3,2,178m²,1,2023-12-13,,Ativo
gonzaga_imoveis,https://gonzagaimoveis.com.br/imovel/12174001/apartamento-2-quartos-champagnat-regence-bigorrilho-curitiba/,2023-12-13,Apartamento 2 Quartos Bigorrilho 58m²,"Rua Euclides Da Cunha, 1387, Bigorrilho - Curitiba/Pr",Bigorrilho,Aluguel,2300,650,95,2,1,58m²,0,2023-11-21,,Ativo
gonzaga_imoveis,https://gonzagaimoveis.com.br/imovel/13682001/apartamento-2-quartos-milena-–-cond.-bigorrilho-curitiba/,2023-12-13,Apartamento 2 Quartos Bigorrilho 58m²,"Rua Padre Agostinho, 2715, Bigorrilho - Curitiba/Pr",Bigorrilho,Aluguel,1750,500,82,2,1,58m²,0,2023-12-12,,Ativo
gonzaga_imoveis,https://gonzagaimoveis.com.br/imovel/06290001/apartamento-1-quarto-soft-premiun-bigorrilho-curitiba/,2023-12-13,Apartamento 1 Quarto Bigorrilho 21m²,"Rua Padre Anchieta, 2933, Bigorrilho - Curitiba/Pr",Bigorrilho,Aluguel,1200,300,38,1,0,21m²,0,2023-11-22,,Ativo
gonzaga_imoveis,https://gonzagaimoveis.com.br/imovel/08477005/apartamento-2-quartos-padre-anchieta-bigorrilho-curitiba/,2023-12-13,Apartamento 2 Quartos Bigorrilho 44m²,"Rua Padre Anchieta, 2636, Bigorrilho - Curitiba/Pr",Bigorrilho,Aluguel,1290,600,42,2,0,44m²,0,2023-11-20,,Ativo
gonzaga_imoveis,https://gonzagaimoveis.com.br/imovel/07787001/apartamento-2-quartos-champagnat-top-bigorrilho-curitiba/,2023-12-13,Apartamento 2 Quartos Bigorrilho 52m²,"Rua Padre Anchieta, 2224, Bigorrilho - Curitiba/Pr",Bigorrilho,Aluguel,1600,650,53,2,1,52m²,0,2023-11-08,,Ativo
gonzaga_imoveis,https://gonzagaimoveis.com.br/imovel/16070001/apartamento-3-quartos-trianon-bigorrilho-curitiba/,2023-12-13,Apartamento 3 Quartos Bigorrilho 147m²,"Rua Capitao Souza Franco, 870, Bigorrilho - Curitiba/Pr",Bigorrilho,Aluguel,4100,1026,274,3,1,147m²,1,2023-11-17,,Ativo
gonzaga_imoveis,https://gonzagaimoveis.com.br/imovel/04343001/apartamento-2-quartos-lynx-bigorrilho-curitiba/,2023-12-13,Apartamento 2 Quartos Bigorrilho 80m²,"Rua Padre Agostinho, 2619, Bigorrilho - Curitiba/Pr",Bigorrilho,Aluguel,1850,800,111,2,1,80m²,1,2023-11-20,,Ativo
gonzaga_imoveis,https://gonzagaimoveis.com.br/imovel/15020001/apartamento-2-quartos-vilage-cabral-curitiba/,2023-12-13,Apartamento 2 Quartos Cabral 81m²,"Rua Deputado Joaquim José Pedrosa, 570, Cabral - Curitiba/Pr",Cabral,Aluguel,1800,420,86,2,1,81m²,0,2023-12-06,,Ativo
gonzaga_imoveis,https://gonzagaimoveis.com.br/imovel/01036004/apartamento-1-quarto-saint-thomas-centro-curitiba/,2023-12-13,Apartamento 1 Quarto Centro 43m²,"Rua Benjamin Constant, 45, Centro - Curitiba/Pr",Centro,Aluguel,750,750,81,1,0,43m²,0,2023-11-08,,Ativo
gonzaga_imoveis,https://gonzagaimoveis.com.br/imovel/00927002/apartamento-2-quartos-edificio-odete-laporte-centro-curitiba/,2023-12-13,Apartamento 2 Quartos Centro 82m²,"Rua Brigadeiro Franco, 2021, Centro - Curitiba/Pr",Centro,Aluguel,2500,780,114,2,2,82m²,0,2023-11-06,,Ativo
gonzaga_imoveis,https://gonzagaimoveis.com.br/imovel/01706001/apartamento-2-quartos-torres-do-sol-centro-curitiba/,2023-12-13,Apartamento 2 Quartos Centro 74m²,"Rua Doutor Pedrosa, 297, Centro - Curitiba/Pr",Centro,Aluguel,1650,430,88,2,0,74m²,1,2023-11-05,,Ativo
gonzaga_imoveis,https://gonzagaimoveis.com.br/imovel/15171003/apartamento-1-quarto-denver-centro-curitiba/,2023-12-13,Apartamento 1 Quarto Centro 23m²,"Rua Saldanha Marinho, 968, Centro - Curitiba/Pr",Centro,Aluguel,1000,440,66,1,1,23m²,0,2023-11-05,,Ativo
gonzaga_imoveis,https://gonzagaimoveis.com.br/imovel/11304001/apartamento-1-quarto-hyde-park-centro-curitiba/,2023-12-13,Apartamento 1 Quarto Centro 25m²,"Rua Nunes Machado, 79, Centro - Curitiba/Pr",Centro,Aluguel,1390,300,29,1,0,25m²,0,2023-11-05,,Ativo
gonzaga_imoveis,https://gonzagaimoveis.com.br/imovel/08782001/apartamento-2-quartos-guido-viaro-centro-curitiba/,2023-12-13,Apartamento 2 Quartos Centro 62m²,"Rua Brigadeiro Franco, 1925, Centro - Curitiba/Pr",Centro,Aluguel,2200,650,88,2,1,62m²,1,2023-11-09,,Ativo
gonzaga_imoveis,https://gonzagaimoveis.com.br/imovel/15769001/apartamento-2-quartos-central-park-–-conselheiro-laurindo-centro-curitiba/,2023-12-13,Apartamento 2 Quartos Centro 77m²,"Rua Conselheiro Laurindo, 781, Centro - Curitiba/Pr",Centro,Aluguel,1800,570,92,2,1,77m²,1,2023-11-05,,Ativo
gonzaga_imoveis,https://gonzagaimoveis.com.br/imovel/92276001/apartamento-1-quarto-westphalen-centro-curitiba/,2023-12-13,Apartamento 1 Quarto Centro 34m²,"Rua Desembargador Westphalen, 610, Centro - Curitiba/Pr",Centro,Aluguel,1500,400,90,1,0,34m²,1,2023-11-05,,Ativo
gonzaga_imoveis,https://gonzagaimoveis.com.br/imovel/49145001/apartamento-1-quarto-leopoldina-centro-curitiba/,2023-12-13,Apartamento 1 Quarto Centro 34m²,"Rua Treze De Maio, 200, Centro - Curitiba/Pr",Centro,Aluguel,1100,300,45,1,0,34m²,0,2023-12-12,,Ativo
gonzaga_imoveis,https://gonzagaimoveis.com.br/imovel/14598001/apartamento-3-quartos-manchester-centro-curitiba/,2023-12-13,Apartamento 3 Quartos Centro 138m²,"Rua Benjamin Constant, 257, Centro - Curitiba/Pr",Centro,Aluguel,2500,1400,309,3,1,138m²,1,2023-12-12,,Ativo
gonzaga_imoveis,https://gonzagaimoveis.com.br/imovel/13327022/apartamento-1-quarto-la-tour-centro-curitiba/,2023-12-13,Apartamento 1 Quarto Centro 40m²,"Rua Desembargador Ermelino De Leão, 181, Centro - Curitiba/Pr",Centro,Aluguel,1700,590,0,1,0,40m²,1,2023-11-05,,Ativo
gonzaga_imoveis,https://gonzagaimoveis.com.br/imovel/16588001/apartamento-1-quarto-all-you-need-centro-curitiba/,2023-12-13,Apartamento 1 Quarto Centro 17m²,"Rua Riachuelo, 110, Centro - Curitiba/Pr",Centro,Aluguel,1850,500,28,1,0,17m²,0,2023-12-13,,Ativo
gonzaga_imoveis,https://gonzagaimoveis.com.br/imovel/16145001/apartamento-3-quartos-edificio-joao-dallegrave-centro-civico-curitiba/,2023-12-13,Apartamento 3 Quartos Centro Cívico 133m²,"Rua Comendador Fontana, 279, Centro Cívico - Curitiba/Pr",Centro Cívico,Aluguel,2900,800,133,3,1,133m²,1,2023-11-05,,Ativo
gonzaga_imoveis,https://gonzagaimoveis.com.br/imovel/09707004/apartamento-3-quartos-betaville-cristo-rei-curitiba/,2023-12-13,Apartamento 3 Quartos Cristo Rei 112m²,"Rua Atilio Borio, 80, Cristo Rei - Curitiba/Pr",Cristo Rei,Aluguel,1800,1000,129,3,1,112m²,1,2023-11-05,,Ativo
gonzaga_imoveis,https://gonzagaimoveis.com.br/imovel/14906001/apartamento-2-quartos-solar-do-ipe-cristo-rei-curitiba/,2023-12-13,Apartamento 2 Quartos Cristo Rei 52m²,"Rua Sanito Rocha, 207, Cristo Rei - Curitiba/Pr",Cristo Rei,Aluguel,1400,420,48,2,0,52m²,0,2023-11-05,,Ativo
gonzaga_imoveis,https://gonzagaimoveis.com.br/imovel/91408001/apartamento-2-quartos-trianon-park-cristo-rei-curitiba/,2023-12-13,Apartamento 2 Quartos Cristo Rei 47m²,"Rua Governador Agamenon Magalhaes, 173, Cristo Rei - Curitiba/Pr",Cristo Rei,Aluguel,1180,786,66,2,1,47m²,0,2023-11-05,,Ativo
gonzaga_imoveis,https://gonzagaimoveis.com.br/imovel/12968001/apartamento-1-quarto-daiane-de-fatima-cristo-rei-curitiba/,2023-12-13,Apartamento 1 Quarto Cristo Rei 27m²,"Rua Urbano Lopes, 436, Cristo Rei - Curitiba/Pr",Cristo Rei,Aluguel,1600,250,43,1,0,27m²,0,2023-11-05,,Ativo
gonzaga_imoveis,https://gonzagaimoveis.com.br/imovel/11315003/apartamento-1-quarto-trianon-park-cristo-rei-curitiba/,2023-12-13,Apartamento 1 Quarto Cristo Rei 27m²,"Rua Governador Agamenon Magalhães, 173, Cristo Rei - Curitiba/Pr",Cristo Rei,Aluguel,1390,369,26,1,0,27m²,0,2023-11-05,,Ativo
gonzaga_imoveis,https://gonzagaimoveis.com.br/imovel/07201001/apartamento-3-quartos-maria-amelia-cristo-rei-curitiba/,2023-12-13,Apartamento 3 Quartos Cristo Rei 81m²,"Avenida Sete De Setembro, 625, Cristo Rei - Curitiba/Pr",Cristo Rei,Aluguel,1580,350,85,3,1,81m²,0,2023-12-12,,Ativo
gonzaga_imoveis,https://gonzagaimoveis.com.br/imovel/03399004/apartamento-3-quartos-piazza-livorno-cristo-rei-curitiba/,2023-12-13,Apartamento 3 Quartos Cristo Rei 84m²,"Avenida Presidente Affonso Camargo, 2491, Cristo Rei - Curitiba/Pr",Cristo Rei,Aluguel,2600,600,148,3,1,84m²,1,2023-12-06,,Ativo
gonzaga_imoveis,https://gonzagaimoveis.com.br/imovel/09891001/apartamento-2-quartos-costa-douro-cristo-rei-curitiba/,2023-12-13,Apartamento 2 Quartos Cristo Rei 60m²,"Rua Oyapock, 8, Cristo Rei - Curitiba/Pr",Cristo Rei,Aluguel,1490,415,67,2,0,60m²,0,2023-12-10,,Ativo
gonzaga_imoveis,https://gonzagaimoveis.com.br/imovel/14054002/apartamento-3-quartos-barao-de-capanema-jardim-botanico-curitiba/,2023-12-13,Apartamento 3 Quartos Jardim Botânico 54m²,"Rua Engenheiro Ostoja Roguski, 631, Jardim Botânico - Curitiba/Pr",Jardim Botânico,Aluguel,1700,500,44,3,1,54m²,0,2023-11-10,,Ativo
gonzaga_imoveis,https://gonzagaimoveis.com.br/imovel/03795003/apartamento-2-quartos-frei-orlando-jardim-social-curitiba/,2023-12-13,Apartamento 2 Quartos Jardim Social 75m²,"Rua Frei Orlando, 1300, Jardim Social - Curitiba/Pr",Jardim Social,Aluguel,1150,550,63,2,0,75m²,0,2023-11-05,,Ativo
gonzaga_imoveis,https://gonzagaimoveis.com.br/imovel/16263002/apartamento-3-quartos-leonardo-da-vinci-merces-curitiba/,2023-12-13,Apartamento 3 Quartos Merces 89m²,"Rua Desembargador Motta, 2890, Merces - Curitiba/Pr",Merces,Aluguel,3800,528,112,3,1,89m²,1,2023-11-19,,Ativo
gonzaga_imoveis,https://gonzagaimoveis.com.br/imovel/15290001/apartamento-1-quarto-folador-rebouças-curitiba/,2023-12-13,Apartamento 1 Quarto Rebouças 38m²,"Rua Vinte E Quatro De Maio, 411, Rebouças - Curitiba/Pr",Rebouças,Aluguel,1600,350,56,1,0,38m²,0,2023-11-28,,Ativo
gonzaga_imoveis,https://gonzagaimoveis.com.br/imovel/22539001/apartamento-1-quarto-la-fontaine-rebouças-curitiba/,2023-12-13,Apartamento 1 Quarto Rebouças 46m²,"Rua Brasilio Itibere, 1345, Rebouças - Curitiba/Pr",Rebouças,Aluguel,1350,550,94,1,1,46m²,0,2023-11-29,,Ativo
gonzaga_imoveis,https://gonzagaimoveis.com.br/imovel/22266001/apartamento-1-quarto-carajas-i-rebouças-curitiba/,2023-12-13,Apartamento 1 Quarto Rebouças 35m²,"Avenida Sete De Setembro A, 3146, Rebouças - Curitiba/Pr",Rebouças,Aluguel,1100,350,46,1,0,35m²,0,2023-12-10,,Ativo
gonzaga_imoveis,https://gonzagaimoveis.com.br/imovel/16125001/apartamento-2-quartos-edificio-green-village-rebouças-curitiba/,2023-12-13,Apartamento 2 Quartos Rebouças 97m²,"Avenida Iguaçu, 1326, Rebouças - Curitiba/Pr",Rebouças,Aluguel,2400,800,140,2,1,97m²,1,2023-12-13,,Ativo
gonzaga_imoveis,https://gonzagaimoveis.com.br/imovel/15562002/apartamento-1-quarto-cordilheiras-rebouças-curitiba/,2023-12-13,Apartamento 1 Quarto Rebouças 28m²,"Avenida Silva Jardim, 994, Rebouças - Curitiba/Pr",Rebouças,Aluguel,1190,450,40,1,0,28m²,0,2023-12-10,,Ativo
gonzaga_imoveis,https://gonzagaimoveis.com.br/imovel/15969001/apartamento-2-quartos-cidade-de-padova-campo-de-santana-curitiba/,2023-12-13,Apartamento 2 Quartos Campo De Santana 44m²,"Rua Ângelo Tozim, 1060, Campo De Santana - Curitiba/Pr",Campo De Santana,Aluguel,690,390,25,2,1,44m²,0,2023-11-05,,Ativo
gonzaga_imoveis,https://gonzagaimoveis.com.br/imovel/12316001/apartamento-3-quartos-spazio-canto-dolce-capao-raso-curitiba/,2023-12-13,Apartamento 3 Quartos Capao Raso 89m²,"Rua Marechal Octavio Saldanha Mazza, 6650, Capao Raso - Curitiba/Pr",Capao Raso,Aluguel,1400,530,41,3,0,89m²,1,2023-11-05,,Ativo
gonzaga_imoveis,https://gonzagaimoveis.com.br/imovel/22759001/apartamento-2-quartos-spazio-canto-dolce-capao-raso-curitiba/,2023-12-13,Apartamento 2 Quartos Capao Raso 45m²,"Rua Marechal Octavio Saldanha Mazza, 6650, Capao Raso - Curitiba/Pr",Capao Raso,Aluguel,1300,550,59,2,1,45m²,0,2023-11-05,,Ativo
gonzaga_imoveis,https://gonzagaimoveis.com.br/imovel/16645001/apartamento-1-quarto-piemonte-versatile-home-capao-raso-curitiba/,2023-12-13,Apartamento 1 Quarto Capão Raso 36m²,"Rua João Rodrigues Pinheiro, 181, Capão Raso - Curitiba/Pr",Capão Raso,Aluguel,1490,350,33,1,0,36m²,0,2023-12-10,,Ativo
gonzaga_imoveis,https://gonzagaimoveis.com.br/imovel/23537001/apartamento-2-quartos-viva-vida-capao-raso-curitiba/,2023-12-13,Apartamento 2 Quartos Capao Raso 53m²,"Avenida Winston Churchill, 309, Capao Raso - Curitiba/Pr",Capao Raso,Aluguel,2300,400,41,2,1,53m²,0,2023-12-04,,Ativo
gonzaga_imoveis,https://gonzagaimoveis.com.br/imovel/16520001/apartamento-2-quartos-cidade-de-broni-tatuquara-curitiba/,2023-12-13,Apartamento 2 Quartos Tatuquara 44m²,"Rua Ângelo Tozim, 1399, Tatuquara - Curitiba/Pr",Tatuquara,Aluguel,790,328,25,2,1,44m²,0,2023-11-05,,Ativo
gonzaga_imoveis,https://gonzagaimoveis.com.br/imovel/16555001/apartamento-2-quartos-residencial-azalea-tatuquara-curitiba/,2023-12-13,Apartamento 2 Quartos Tatuquara 46m²,"Avenida Pero Vaz De Caminha, 471, Tatuquara - Curitiba/Pr",Tatuquara,Aluguel,850,400,38,2,1,46m²,0,2023-11-05,,Ativo
gonzaga_imoveis,https://gonzagaimoveis.com.br/imovel/92346003/apartamento-2-quartos-do-parque-campina-do-siqueira-curitiba/,2023-12-13,Apartamento 2 Quartos Campina Do Siqueira 54m²,"Rua Padre Giacomo Cusmano, 213, Campina Do Siqueira - Curitiba/Pr",Campina Do Siqueira,Aluguel,1850,650,78,2,0,54m²,0,2023-12-12,,Ativo
gonzaga_imoveis,https://gonzagaimoveis.com.br/imovel/16644001/apartamento-2-quartos-campo-comprido-curitiba/,2023-12-13,Apartamento 2 Quartos Campo Comprido 70m²,"Rua Nova América, 373, Campo Comprido - Curitiba/Pr",Campo Comprido,Aluguel,1250,0,32,2,2,70m²,0,2023-11-24,,Ativo
gonzaga_imoveis,https://gonzagaimoveis.com.br/imovel/92128001/apartamento-2-quartos-bonarda-mossungue-curitiba/,2023-12-13,Apartamento 2 Quartos Mossungue 178m²,"Rua Joao Domachoski, 400, Mossungue - Curitiba/Pr",Mossungue,Aluguel,4600,650,190,2,1,178m²,1,2023-11-05,,Ativo
gonzaga_imoveis,https://gonzagaimoveis.com.br/imovel/90804002/apartamento-3-quartos-santa-felicidade-curitiba/,2023-12-13,Apartamento 3 Quartos Santa Felicidade 166m²,"Avenida Vereador Toaldo Tulio, 973, Santa Felicidade - Curitiba/Pr",Santa Felicidade,Aluguel,2200,0,150,3,1,166m²,1,2023-11-05,,Ativo
gonzaga_imoveis,https://gonzagaimoveis.com.br/imovel/03795003/apartamento-2-quartos-frei-orlando-jardim-social-curitiba/,2023-12-13,Apartamento 2 Quartos Jardim Social 75m²,"Rua Frei Orlando, 1300, Jardim Social - Curitiba/Pr",Jardim Social,Aluguel,1150,550,63,2,0,75m²,0,2023-11-05,,Ativo
